time,temp_in,temp_out,temp_target,temp_interval,fan,heat
12.0,12.0
12.0,0.0
12.0,0.0
12.0,0.1521231362132
6984986198.0,0.1521231362132
